{"SURVIVAL":{"offHandItem":{"==":"org.bukkit.inventory.ItemStack","v":3465,"type":"AIR","amount":0},"inventoryContents":{"10":{"==":"org.bukkit.inventory.ItemStack","v":3465,"type":"WHITE_TULIP","amount":3},"11":{"==":"org.bukkit.inventory.ItemStack","v":3465,"type":"DANDELION"},"0":{"==":"org.bukkit.inventory.ItemStack","v":3465,"type":"WOODEN_AXE"},"1":{"==":"org.bukkit.inventory.ItemStack","v":3465,"type":"WHEAT_SEEDS","amount":9},"2":{"==":"org.bukkit.inventory.ItemStack","v":3465,"type":"NETHER_BRICK_SLAB"},"3":{"==":"org.bukkit.inventory.ItemStack","v":3465,"type":"ORANGE_WOOL"},"4":{"==":"org.bukkit.inventory.ItemStack","v":3465,"type":"RED_WOOL"},"5":{"==":"org.bukkit.inventory.ItemStack","v":3465,"type":"SAND"},"6":{"==":"org.bukkit.inventory.ItemStack","v":3465,"type":"LIME_WOOL"},"7":{"==":"org.bukkit.inventory.ItemStack","v":3465,"type":"WHITE_WOOL"},"8":{"==":"org.bukkit.inventory.ItemStack","v":3465,"type":"STICK"},"9":{"==":"org.bukkit.inventory.ItemStack","v":3465,"type":"RED_TULIP"}},"potions":[],"armorContents":{},"enderChestContents":{},"stats":{"ex":"3.3751028","ma":"300","fl":"20","el":"0","hp":"20.0","xp":"0.0","txp":"0","ft":"-20","fd":"0.0","sa":"4.0","ra":"300"}}}