{"SURVIVAL":{"inventoryContents":{"10":{"==":"org.bukkit.inventory.ItemStack","v":3465,"type":"WHITE_TULIP","amount":3},"11":{"==":"org.bukkit.inventory.ItemStack","v":3465,"type":"DANDELION"},"12":{"==":"org.bukkit.inventory.ItemStack","v":3465,"type":"WHITE_WOOL"},"13":{"==":"org.bukkit.inventory.ItemStack","v":3465,"type":"CHERRY_SAPLING"},"14":{"==":"org.bukkit.inventory.ItemStack","v":3465,"type":"SAND"},"0":{"==":"org.bukkit.inventory.ItemStack","v":3465,"type":"WOODEN_AXE"},"1":{"==":"org.bukkit.inventory.ItemStack","v":3465,"type":"NETHERITE_AXE"},"2":{"==":"org.bukkit.inventory.ItemStack","v":3465,"type":"RED_WOOL"},"4":{"==":"org.bukkit.inventory.ItemStack","v":3465,"type":"STONE"},"5":{"==":"org.bukkit.inventory.ItemStack","v":3465,"type":"WHITE_CONCRETE"},"6":{"==":"org.bukkit.inventory.ItemStack","v":3465,"type":"WHITE_WOOL"},"7":{"==":"org.bukkit.inventory.ItemStack","v":3465,"type":"NETHER_BRICK_SLAB"},"8":{"==":"org.bukkit.inventory.ItemStack","v":3465,"type":"ORANGE_WOOL"},"9":{"==":"org.bukkit.inventory.ItemStack","v":3465,"type":"RED_TULIP"},"40":{"==":"org.bukkit.inventory.ItemStack","v":3465,"type":"SAND"}},"potions":[],"armorContents":{},"enderChestContents":{},"offHandItem":{"==":"org.bukkit.inventory.ItemStack","v":3465,"type":"SAND"},"stats":{"ex":"0.17010288","ma":"300","fl":"20","el":"0","hp":"20.0","xp":"0.0","txp":"0","fd":"0.0","sa":"3.0","ft":"-20","ra":"300"}}}