{"SURVIVAL":{"potions":[],"enderChestContents":{},"offHandItem":{"==":"org.bukkit.inventory.ItemStack","v":3465,"type":"AIR","amount":0},"inventoryContents":{"0":{"==":"org.bukkit.inventory.ItemStack","v":3465,"type":"STONE_SWORD"},"1":{"==":"org.bukkit.inventory.ItemStack","v":3465,"type":"STONE_SHOVEL"},"2":{"==":"org.bukkit.inventory.ItemStack","v":3465,"type":"STONE_PICKAXE"},"3":{"==":"org.bukkit.inventory.ItemStack","v":3465,"type":"WOODEN_AXE"},"4":{"==":"org.bukkit.inventory.ItemStack","v":3465,"type":"YELLOW_TERRACOTTA"},"9":{"==":"org.bukkit.inventory.ItemStack","v":3465,"type":"GRASS"}},"armorContents":{},"stats":{"ex":"0.8830067","ma":"300","fl":"20","el":"0","xp":"0.0","hp":"20.0","txp":"0","fd":"0.0","sa":"4.0","ft":"-20","ra":"300"}}}