{"stats":{"minecraft:mined":{"minecraft:large_amethyst_bud":1,"minecraft:white_bed":1,"minecraft:medium_amethyst_bud":1,"minecraft:crafting_table":3,"minecraft:cornflower":1,"minecraft:torch":7,"minecraft:budding_amethyst":3,"minecraft:grass_block":4,"minecraft:calcite":2,"minecraft:poppy":1,"minecraft:sugar_cane":8,"minecraft:oak_planks":1,"minecraft:diorite":1,"minecraft:wall_torch":1,"minecraft:amethyst_block":6,"minecraft:furnace":2,"minecraft:iron_ore":21,"minecraft:azure_bluet":1,"minecraft:grass":10,"minecraft:coal_ore":82,"minecraft:oak_log":23,"minecraft:small_amethyst_bud":1,"minecraft:sand":4,"minecraft:dirt":3,"minecraft:smooth_basalt":1,"minecraft:stone":50,"minecraft:white_wool":2,"minecraft:oak_leaves":12},"minecraft:crafted":{"minecraft:oak_planks":92,"minecraft:cooked_porkchop":5,"minecraft:crafting_table":1,"minecraft:wooden_pickaxe":1,"minecraft:furnace":1,"minecraft:stone_axe":1,"minecraft:cooked_mutton":4,"minecraft:air":0,"minecraft:stick":12,"minecraft:stone_pickaxe":2,"minecraft:wooden_axe":1,"minecraft:chest":1,"minecraft:white_bed":1,"minecraft:torch":4},"minecraft:picked_up":{"minecraft:wooden_axe":3,"minecraft:crafting_table":3,"minecraft:azure_bluet":1,"minecraft:oak_log":23,"minecraft:amethyst_block":6,"minecraft:cornflower":1,"minecraft:dirt":21,"minecraft:apple":1,"minecraft:wheat_seeds":6,"minecraft:azalea":3,"minecraft:calcite":2,"minecraft:azalea_leaves":1,"minecraft:poppy":1,"minecraft:sugar_cane":11,"minecraft:oak_planks":1,"minecraft:egg":1,"minecraft:furnace":2,"minecraft:stick":8,"minecraft:raw_iron":21,"minecraft:smooth_basalt":1,"minecraft:torch":8,"minecraft:porkchop":5,"minecraft:sand":5,"minecraft:amethyst_shard":2,"minecraft:diorite":1,"minecraft:white_bed":1,"minecraft:stone_sword":1,"minecraft:diamond_axe":1,"minecraft:oak_sapling":15,"minecraft:black_wool":1,"minecraft:mutton":7,"minecraft:coal":82,"minecraft:white_wool":7,"minecraft:cobblestone":49},"minecraft:killed":{"minecraft:pig":1,"minecraft:sheep":5,"minecraft:zombie":1},"minecraft:custom":{"minecraft:interact_with_furnace":12,"minecraft:mob_kills":7,"minecraft:interact_with_crafting_table":9,"minecraft:leave_game":2,"minecraft:time_since_death":284676,"minecraft:sleep_in_bed":1,"minecraft:time_since_rest":221618,"minecraft:sprint_one_cm":431345,"minecraft:damage_taken":590,"minecraft:walk_one_cm":272305,"minecraft:drop":10,"minecraft:damage_dealt":617,"minecraft:swim_one_cm":10447,"minecraft:fly_one_cm":2545918,"minecraft:open_chest":11,"minecraft:crouch_one_cm":836,"minecraft:play_time":284676,"minecraft:sneak_time":737,"minecraft:walk_under_water_one_cm":2900,"minecraft:jump":1428,"minecraft:walk_on_water_one_cm":8732,"minecraft:total_world_time":284676,"minecraft:fall_one_cm":15577},"minecraft:used":{"minecraft:cooked_mutton":4,"minecraft:cherry_sapling":14,"minecraft:diorite":1,"minecraft:stone_pickaxe":162,"minecraft:oak_planks":1,"minecraft:mycelium":8,"minecraft:chest":1,"minecraft:wooden_pickaxe":16,"minecraft:stone":7,"minecraft:white_wool":17,"minecraft:torch":11,"minecraft:sand":46,"minecraft:dirt":21,"minecraft:yellow_terracotta":39,"minecraft:crafting_table":4,"minecraft:nether_brick_slab":24,"minecraft:oxidized_cut_copper_slab":1,"minecraft:white_bed":2,"minecraft:spruce_log":1,"minecraft:apple":1,"minecraft:red_wool":30,"minecraft:spruce_wood":74,"minecraft:grass_block":3,"minecraft:cherry_leaves":1,"minecraft:stone_axe":44,"minecraft:cobblestone":5,"minecraft:azalea_leaves":187,"minecraft:furnace":3,"minecraft:oak_sapling":4,"minecraft:cooked_porkchop":5,"minecraft:stripped_cherry_log":2,"minecraft:white_concrete":66,"minecraft:cherry_log":73,"minecraft:bone_meal":66},"minecraft:broken":{"minecraft:stone_pickaxe":1},"minecraft:dropped":{"minecraft:stone_axe":1,"minecraft:diamond_axe":1,"minecraft:stone_sword":1,"minecraft:cherry_sapling":1,"minecraft:azalea_leaves":2,"minecraft:wooden_axe":3,"minecraft:sand":1}},"DataVersion":3465}