{"stats":{"minecraft:mined":{"minecraft:grass_block":5,"minecraft:sand":5,"minecraft:lime_wool":1},"minecraft:picked_up":{"minecraft:lime_wool":1,"minecraft:lilac":1,"minecraft:dandelion":1,"minecraft:porkchop":2,"minecraft:sand":5,"minecraft:dirt":5,"minecraft:orange_wool":1,"minecraft:stone_axe":1,"minecraft:wheat_seeds":146,"minecraft:red_tulip":1,"minecraft:white_tulip":4,"minecraft:cherry_sapling":1,"minecraft:azalea_leaves":2,"minecraft:mutton":1,"minecraft:white_wool":1},"minecraft:killed":{"minecraft:sheep":1,"minecraft:pig":1},"minecraft:custom":{"minecraft:time_since_rest":435178,"minecraft:sprint_one_cm":1606027,"minecraft:damage_taken":20,"minecraft:walk_one_cm":2898798,"minecraft:mob_kills":2,"minecraft:drop":20,"minecraft:damage_dealt":335,"minecraft:swim_one_cm":6453,"minecraft:fly_one_cm":65376248,"minecraft:open_chest":3,"minecraft:crouch_one_cm":159740,"minecraft:play_time":1204586,"minecraft:deaths":2,"minecraft:sneak_time":39371,"minecraft:walk_under_water_one_cm":3269,"minecraft:jump":4778,"minecraft:leave_game":15,"minecraft:walk_on_water_one_cm":8739,"minecraft:time_since_death":435147,"minecraft:total_world_time":1204586,"minecraft:fall_one_cm":2959},"minecraft:used":{"minecraft:orange_concrete_powder":2,"minecraft:cyan_terracotta":5,"minecraft:orange_concrete":3,"minecraft:red_wool":3550,"minecraft:grass_block":5,"minecraft:green_wool":12,"minecraft:wet_sponge":3,"minecraft:lime_wool":83,"minecraft:crimson_slab":44,"minecraft:blue_wool":52,"minecraft:blackstone":1,"minecraft:warped_nylium":4,"minecraft:stone":984,"minecraft:mossy_cobblestone_slab":4,"minecraft:cherry_leaves":3,"minecraft:white_wool":618,"minecraft:waxed_exposed_copper":13,"minecraft:purple_concrete":1,"minecraft:weathered_copper":27,"minecraft:dirt":5,"minecraft:sand":6210,"minecraft:mutton":1,"minecraft:yellow_terracotta":779,"minecraft:azalea_leaves":2,"minecraft:cut_sandstone_slab":6,"minecraft:nether_bricks":13,"minecraft:smooth_stone_slab":141,"minecraft:smooth_red_sandstone":30,"minecraft:light_gray_concrete_powder":56,"minecraft:nether_brick_slab":5641,"minecraft:orange_wool":4015,"minecraft:sponge":7,"minecraft:white_concrete":1603,"minecraft:stripped_cherry_log":3,"minecraft:dripstone_block":22,"minecraft:pink_concrete_powder":5,"minecraft:spruce_fence":30,"minecraft:nether_brick_stairs":55,"minecraft:smooth_stone":4,"minecraft:polished_diorite":1},"minecraft:dropped":{"minecraft:nether_brick_slab":1,"minecraft:stone":1,"minecraft:porkchop":2,"minecraft:lilac":1,"minecraft:crimson_slab":1,"minecraft:azalea_leaves":2,"minecraft:smooth_stone_slab":1,"minecraft:wooden_axe":1,"minecraft:white_concrete":1,"minecraft:yellow_terracotta":4,"minecraft:sand":1,"minecraft:grass_block":1,"minecraft:orange_wool":1,"minecraft:white_wool":1,"minecraft:stick":1}},"DataVersion":3465}