{"stats":{"minecraft:custom":{"minecraft:jump":112,"minecraft:open_chest":1,"minecraft:time_since_rest":9895,"minecraft:crouch_one_cm":174,"minecraft:deaths":2,"minecraft:sprint_one_cm":9858,"minecraft:play_time":17235,"minecraft:walk_on_water_one_cm":3088,"minecraft:time_since_death":9870,"minecraft:walk_one_cm":4626,"minecraft:sneak_time":1270,"minecraft:total_world_time":17235,"minecraft:walk_under_water_one_cm":14633,"minecraft:fall_one_cm":1312,"minecraft:fly_one_cm":573903,"minecraft:leave_game":1,"minecraft:open_barrel":3},"minecraft:picked_up":{"pfm:furniture_book":1},"minecraft:used":{"minecraft:dark_oak_stairs":1,"minecraft:polished_blackstone_bricks":1,"minecraft:dark_oak_planks":2,"minecraft:clay":6},"minecraft:mined":{"minecraft:tall_grass":4}},"DataVersion":3465}