{"SURVIVAL":{"potions":[],"bedSpawnLocation":{"==":"org.bukkit.Location","world":"Survival","x":175.5,"y":65.1,"z":13.5,"pitch":0.0,"yaw":-69.44226},"enderChestContents":{},"offHandItem":{"==":"org.bukkit.inventory.ItemStack","v":3465,"type":"AIR","amount":0},"inventoryContents":{"10":{"==":"org.bukkit.inventory.ItemStack","v":3465,"type":"AMETHYST_SHARD","amount":2},"11":{"==":"org.bukkit.inventory.ItemStack","v":3465,"type":"STICK","amount":3},"33":{"==":"org.bukkit.inventory.ItemStack","v":3465,"type":"WHITE_WOOL"},"12":{"==":"org.bukkit.inventory.ItemStack","v":3465,"type":"OAK_PLANKS","amount":56},"34":{"==":"org.bukkit.inventory.ItemStack","v":3465,"type":"COBBLESTONE","amount":27},"13":{"==":"org.bukkit.inventory.ItemStack","v":3465,"type":"BLACK_WOOL"},"35":{"==":"org.bukkit.inventory.ItemStack","v":3465,"type":"MUTTON","amount":2},"15":{"==":"org.bukkit.inventory.ItemStack","v":3465,"type":"SAND","amount":2},"0":{"==":"org.bukkit.inventory.ItemStack","v":3465,"type":"OAK_PLANKS","amount":8},"1":{"==":"org.bukkit.inventory.ItemStack","v":3465,"type":"CALCITE","amount":2},"2":{"==":"org.bukkit.inventory.ItemStack","v":3465,"type":"COAL","amount":16},"3":{"==":"org.bukkit.inventory.ItemStack","v":3465,"type":"STONE_AXE","meta":{"==":"ItemMeta","meta-type":"UNSPECIFIC","Damage":51}},"4":{"==":"org.bukkit.inventory.ItemStack","v":3465,"type":"COAL","amount":64},"5":{"==":"org.bukkit.inventory.ItemStack","v":3465,"type":"SMOOTH_BASALT"},"6":{"==":"org.bukkit.inventory.ItemStack","v":3465,"type":"AMETHYST_BLOCK","amount":6},"7":{"==":"org.bukkit.inventory.ItemStack","v":3465,"type":"STONE_PICKAXE","meta":{"==":"ItemMeta","meta-type":"UNSPECIFIC","Damage":32}},"8":{"==":"org.bukkit.inventory.ItemStack","v":3465,"type":"TORCH"},"9":{"==":"org.bukkit.inventory.ItemStack","v":3465,"type":"RAW_IRON","amount":21}},"armorContents":{},"stats":{"ex":"2.6212106","ma":"300","fl":"6","el":"7","xp":"0.9047619","hp":"13.5","txp":"110","fd":"0.0","sa":"0.0","ft":"-20","ra":"300"}}}